name,min,max
4DCS.40LOAD,0.00,600.00
4DCS.40LBA20CP109,0.00,25.40
4DCS.40LAB11CT609,0.00,580.00
4DCS.40LAB12CT609,0.00,580.00
4DCS.40HAJ11CT609,0.00,580.00
4DCS.40HAJ12CT609,0.00,580.00
4DCS.40HBK70CP109,-700.00,700.00
4DCS.40LAB80CF109,0.00,2000.00
4DCS.40TOTAL_COAL_T_H,0.00,350.00
4DCS.C_FW,0.00,100.00
4DCS.40TOTAL_AIR_FLOW,0.00,2000.00
4DCS.40HNA12CQ101A0,0.00,26.00
4DCS.40HNA11CQ101A0,0.00,26.00
4DCS.GUOREDU,-100.00,60.00
N4TB.N4BC_EFF_BOILER,0.00,100.00
4DCS.40RTUDCSAI001,0.00,600.00
4DCS.40MSTEAM_FLOW,0.00,2000.00
4DCS.40LBB20CP101,0.00,4.60
4DCS.40LBB20CP102,0.00,4.60
4DCS.40LBB20CP103,0.00,4.60
4DCS.40CFB41GH001,0.00,10.00
4DCS.40CFB41GH002,0.00,10.00
4DCS.40LAB80CT301,0.00,320.00
4DCS.40TXDCSNOX01,0.00,1000.00
4DCS.40TXDCSNOX02,0.00,1000.00
2FGD.40HTA10CQ102,0.00,6000.00
4DCS.40NAA10CF101F,0.00,650.00
4DCS.40LCE10CF102F,0.00,15.00
4DCS.40HFB11AF001AI,0.00,100.00
4DCS.40HFC11AJ002AI,0.00,100.00
4DCS.40HFE21AA102AI,0.00,100.00
4DCS.40HFE21AA101AI,0.00,100.00
4DCS.40HFC11CT309,0.00,120.00
4DCS.40HFE31CF101F,0.00,120.00
4DCS.40HFE31CF102F,0.00,120.00
4DCS.40HFC11AJ001AE,0.00,52.00
4DCS.40HFE31CP101,0.00,12.00
4DCS.40HFE31CT301,0.00,320.00
4DCS.40HFE31CT302,0.00,320.00
4DCS.40HFE31CT303,0.00,320.00
4DCS.40HFE31CT309,0.00,320.00
4DCS.40HFC41CP101,0.00,5.00
4DCS.40HFC41CP102,0.00,5.00
4DCS.40HFC41CP103,0.00,5.00
4DCS.40HFC41CP104,0.00,5.00
4DCS.40HFC41CP105,0.00,5.00
4DCS.40HFC11AJ001_LP,0.00,1.00
4DCS.40HFB12AF001AI,0.00,100.00
4DCS.40HFC12AJ002AI,0.00,100.00
4DCS.40HFE22AA102AI,0.00,100.00
4DCS.40HFE22AA101AI,0.00,100.00
4DCS.40HFC12CT309,0.00,120.00
4DCS.40HFE32CF101F,0.00,120.00
4DCS.40HFE32CF102F,0.00,120.00
4DCS.40HFC12AJ001AE,0.00,52.00
4DCS.40HFC12AJ001AEAI,0.00,52.00
4DCS.40HFE32CP101,0.00,12.00
4DCS.40HFE32CT301,0.00,320.00
4DCS.40HFE32CT302,0.00,320.00
4DCS.40HFE32CT303,0.00,320.00
4DCS.40HFE32CT309,0.00,320.00
4DCS.40HFC12CP101,0.00,5.00
4DCS.40HFC12CP102,0.00,5.00
4DCS.40HFC12CP103,0.00,5.00
4DCS.40HFC12CP104,0.00,5.00
4DCS.40HFC12CP105,0.00,5.00
4DCS.40HFC12AJ001_LP,0.00,1.00
4DCS.40HFB13AF001AI,0.00,100.00
4DCS.40HFC13AJ002AI,0.00,100.00
4DCS.40HFE23AA102AI,0.00,100.00
4DCS.40HFE23AA101AI,0.00,100.00
4DCS.40HFC13CT309,0.00,120.00
4DCS.40HFE33CF101F,0.00,120.00
4DCS.40HFE33CF102F,0.00,120.00
4DCS.40HFC13AJ001AE,0.00,52.00
4DCS.40HFE33CP101,0.00,12.00
4DCS.40HFE33CT301,0.00,320.00
4DCS.40HFE33CT302,0.00,320.00
4DCS.40HFE33CT303,0.00,320.00
4DCS.40HFE33CT309,0.00,320.00
4DCS.40HFC13CP101,0.00,5.00
4DCS.40HFC13CP102,0.00,5.00
4DCS.40HFC13CP103,0.00,5.00
4DCS.40HFC13CP104,0.00,5.00
4DCS.40HFC13CP105,0.00,5.00
4DCS.40HFC13AJ001_LP,0.00,1.00
4DCS.40HFB14AF001AI,0.00,100.00
4DCS.40HFC14AJ002AI,0.00,100.00
4DCS.40HFE24AA302AI,0.00,100.00
4DCS.40HFE24AA304AI,0.00,100.00
4DCS.40HFC14CT309,0.00,120.00
4DCS.40HFE34CF101F,0.00,120.00
4DCS.40HFE34CF102F,0.00,120.00
4DCS.40HFC14AJ001AE,0.00,52.00
4DCS.40HFE34CP101,0.00,12.00
4DCS.40HFE34CT301,0.00,320.00
4DCS.40HFE34CT302,0.00,320.00
4DCS.40HFE34CT303,0.00,320.00
4DCS.40HFE34CT309,0.00,320.00
4DCS.40HFC14CP101,0.00,5.00
4DCS.40HFC14CP102,0.00,5.00
4DCS.40HFC14CP103,0.00,5.00
4DCS.40HFC14CP104,0.00,5.00
4DCS.40HFC14CP105,0.00,5.00
4DCS.40HFC14AJ001_LP,0.00,1.00
4DCS.40HFB15AF001AI,0.00,100.00
4DCS.40HFC15AJ002AI,0.00,100.00
4DCS.40HFE25AA102AI,0.00,100.00
4DCS.40HFE25AA101AI,0.00,100.00
4DCS.40HFC15CT309,0.00,120.00
4DCS.40HFE35CF101F,0.00,120.00
4DCS.40HFE35CF102F,0.00,120.00
4DCS.40HFC15AJ001AEAI,0.00,52.00
4DCS.40HFE35CP101,0.00,12.00
4DCS.40HFE35CT301,0.00,320.00
4DCS.40HFE35CT302,0.00,320.00
4DCS.40HFE35CT303,0.00,320.00
4DCS.40HFE35CT309,0.00,320.00
4DCS.40HFC15CP101,0.00,5.00
4DCS.40HFC15CP102,0.00,5.00
4DCS.40HFC15CP103,0.00,5.00
4DCS.40HFC15CP104,0.00,5.00
4DCS.40HFC15CP105,0.00,5.00
4DCS.40HFC15AJ001_LP,0.00,1.00
4DCS.40HFB16AF001AI,0.00,100.00
4DCS.40HFC16AJ002AI,0.00,100.00
4DCS.40HFE26AA102AI,0.00,100.00
4DCS.40HFE26AA101AI,0.00,100.00
4DCS.40HFC16CT309,0.00,120.00
4DCS.40HFE36CF101F,0.00,120.00
4DCS.40HFE36CF102F,0.00,120.00
4DCS.40HFC16AJ001AE,0.00,52.00
4DCS.40HFE36CP101,0.00,12.00
4DCS.40HFE36CT301,0.00,320.00
4DCS.40HFE36CT302,0.00,320.00
4DCS.40HFE36CT303,0.00,320.00
4DCS.40HFE36CT309,0.00,320.00
4DCS.40HFC16CP101,0.00,5.00
4DCS.40HFC16CP102,0.00,5.00
4DCS.40HFC16CP103,0.00,5.00
4DCS.40HFC16CP104,0.00,5.00
4DCS.40HFC16CP105,0.00,5.00
4DCS.40HFC16AJ001_LP,0.00,1.00
4DCS.40HFE10CP101,0.00,11.00
4DCS.40HFE10CP102,0.00,11.00
4DCS.40HFE10CP109,0.00,11.00
4DCS.40HYA00DU001OUT,0.00,70.00
4DCS.40HLA45AA100AI,0.00,100.00
4DCS.40HLA55AA100AI,0.00,100.00
4DCS.40HLA45CF101AF,0.00,160.00
4DCS.40HLA45CF101BF,0.00,160.00
4DCS.40HLA55CF101AF,0.00,160.00
4DCS.40HLA55CF101BF,0.00,160.00
4DCS.40HLA10CP101,-2.04,1.00
4DCS.40HLA46AA100AI,0.00,100.00
4DCS.40HLA56AA100AI,0.00,100.00
4DCS.40HLA46CF101AF,0.00,160.00
4DCS.40HLA46CF101BF,0.00,160.00
4DCS.40HLA56CF101AF,0.00,160.00
4DCS.40HLA56CF101BF,0.00,160.00
4DCS.40HLA20CP101,-2.04,1.00
4DCS.40HLA76AA001_LP,0.00,100.00
4DCS.40HLA76AA002_LP,0.00,100.00
4DCS.40HLA47AA100AI,0.00,100.00
4DCS.40HLA57AA100AI,0.00,100.00
4DCS.40HLA47CF101AF,0.00,160.00
4DCS.40HLA47CF101BF,0.00,160.00
4DCS.40HLA57CF101AF,0.00,160.00
4DCS.40HLA57CF101BF,0.00,160.00
4DCS.40HLA50CP101A,-2.04,1.00
4DCS.40HLA77AA001_LP,0.00,100.00
4DCS.40HLA77AA002_LP,0.00,100.00
4DCS.40HLA48AA100AI,0.00,100.00
4DCS.40HLA58AA100AI,0.00,100.00
4DCS.40HLA44AA100AI,0.00,100.00
4DCS.40HLA54AA100AI,0.00,100.00
4DCS.40HLA80CP101,-2.04,1.00
4DCS.40HLA70CP101,-2.04,1.00
4DCS.40HLA48CF101AF,0.00,170.00
4DCS.40HLA48CF101BF,0.00,170.00
4DCS.40HLA58CF101AF,0.00,170.00
4DCS.40HLA58CF101BF,0.00,170.00
4DCS.40HLA44CF101AF,0.00,170.00
4DCS.40HLA44CF101BF,0.00,170.00
4DCS.40HLA54CF101AF,0.00,170.00
4DCS.40HLA54CF101BF,0.00,170.00
4DCS.40HLA43AA100AI,0.00,100.00
4DCS.40HLA53AA100AI,0.00,100.00
4DCS.40HLA43CF101AF,0.00,170.00
4DCS.40HLA43CF101BF,0.00,170.00
4DCS.40HLA53CF101AF,0.00,170.00
4DCS.40HLA53CF101BF,0.00,170.00
4DCS.40HLA60CP101,-2.04,1.00
4DCS.40HLA73AA001_LP,0.00,100.00
4DCS.40HLA73AA002_LP,0.00,100.00
4DCS.40HLA42AA100AI,0.00,100.00
4DCS.40HLA52AA100AI,0.00,100.00
4DCS.40HLA42CF101AF,0.00,170.00
4DCS.40HLA42CF101BF,0.00,170.00
4DCS.40HLA52CF101AF,0.00,170.00
4DCS.40HLA52CF101BF,0.00,170.00
4DCS.40HLA30CP101,-2.04,1.00
4DCS.40HLA72AA001_LP,0.00,100.00
4DCS.40HLA72AA002_LP,0.00,100.00
4DCS.40HLA41AA100AI,0.00,100.00
4DCS.40HLA51AA100AI,0.00,100.00
4DCS.40HLA41CF101AF,0.00,170.00
4DCS.40HLA41CF101BF,0.00,170.00
4DCS.40HLA51CF101AF,0.00,170.00
4DCS.40HLA51CF101BF,0.00,170.00
4DCS.40HLA40CP101,-2.04,1.00
4DCS.40HLA71AA001_LP,0.00,100.00
4DCS.40HLA71AA002_LP,0.00,100.00
4DCS.40QFB20CP101,0.50,0.80
4DCS.42HLA41CP103,0.00,1.80
4DCS.42HLA41CP104,0.00,1.80
4DCS.42HLA42CP103,0.00,1.80
4DCS.42HLA42CP104,0.00,1.80
4DCS.40LAC10CP101,0.00,30.00
4DCS.40LAC10CP102,0.00,30.00
4DCS.40LAC10CT301,0.00,350.00
4DCS.40LAC10CT302,0.00,350.00
4DCS.40LAC10CT303,0.00,350.00
4DCS.40LAC10CT304,0.00,350.00
4DCS.40LAB80CP103,0.00,30.00
4DCS.40LAB80CP104,0.00,30.00
4DCS.40LAB80CT301B,0.00,320.00
4DCS.40LAB80CT302,0.00,320.00
4DCS.40LAB80CT303,0.00,320.00
4DCS.40LAB80CT304,0.00,320.00
4DCS.40LAB80CT305,0.00,320.00
4DCS.40ONCE_THROUGH,0.00,1.00
4DCS.40ONCE_THROUGH_OFF,0.00,1.00
4DCS.40HAH10CP101,0.00,28.00
4DCS.40HAH10CT601,0.00,420.00
4DCS.40HAH20CP101,0.00,28.00
4DCS.40HAH20CT601,0.00,420.00
4DCS.40HAH30CP101,0.00,28.00
4DCS.40HAH30CT601,0.00,420.00
4DCS.40HAH40CP101,0.00,28.00
4DCS.40HAH40CT601,0.00,420.00
4DCS.40SEP_OUT_T_SP,0.00,420.00
4DCS.40HAH10CT609,0.00,420.00
4DCS.40LAE10CP101,0.00,28.00
4DCS.40LAE10CT301,0.00,320.00
4DCS.40LAE12CF101F,0.00,80.00
4DCS.40LAE14CF101F,0.00,80.00
4DCS.40LAE11CF101F,0.00,80.00
4DCS.40LAE13CF101F,0.00,80.00
4DCS.40LAE12AA501AI,0.00,100.00
4DCS.40LAE14AA501AO,0.00,100.00
4DCS.40LAE11AA501AI,0.00,100.00
4DCS.40LAE13AA501AI,0.00,100.00
4DCS.40HAG10DE901_XQ93,0.00,2000.00
4DCS.40HAH16CT601,0.00,470.00
4DCS.40HAH16CT602,0.00,470.00
4DCS.40HAH16CT603,0.00,470.00
4DCS.40HAH16CT604,0.00,470.00
4DCS.40HAH16CT605,0.00,470.00
4DCS.40HAH16CT606,0.00,470.00
4DCS.40HAH15CT601,0.00,450.00
4DCS.40HAH16CT607,0.00,470.00
4DCS.40HAH16CT608,0.00,470.00
4DCS.40HAH16CT609,0.00,470.00
4DCS.40HAH16CT610,0.00,470.00
4DCS.40HAH16CT611,0.00,470.00
4DCS.40HAH16CT612,0.00,470.00
4DCS.40HAH22CT601,0.00,580.00
4DCS.40HAH22CT602,0.00,580.00
4DCS.40HAH22CT603,0.00,580.00
4DCS.40HAH21CT601,0.00,580.00
4DCS.40HAH21CT602,0.00,580.00
4DCS.40HAH21CT603,0.00,580.00
4DCS.40HAH21CT604,0.00,580.00
4DCS.40HAH21CT605,0.00,580.00
4DCS.40HAH21CT606,0.00,580.00
4DCS.40HAH22CT604,0.00,580.00
4DCS.40HAH22CT605,0.00,580.00
4DCS.40HAH22CT606,0.00,580.00
4DCS.40LAB11CP101,0.00,26.00
4DCS.40LAB11CT601,0.00,580.00
4DCS.40LAB11CT602,0.00,580.00
4DCS.40LAB12CP101,0.00,26.00
4DCS.40LAB12CT601,0.00,580.00
4DCS.40LAB12CT602,0.00,580.00
4DCS.40LBC20CT603,0.00,350.00
4DCS.40LBC20CT604,0.00,350.00
4DCS.40LBC20CP102,0.00,4.60
4DCS.40LBC01CT601,0.00,350.00
4DCS.40LBC01CT602,0.00,350.00
4DCS.40LBC01CT603,0.00,350.00
4DCS.40LBC02CT601,0.00,350.00
4DCS.40LBC02CT602,0.00,350.00
4DCS.40LBC02CT603,0.00,350.00
4DCS.40LBC01CP101,0.00,4.60
4DCS.40LBC02CP101,0.00,4.60
4DCS.40HAJ11CT601,0.00,580.00
4DCS.40HAJ11CT602,0.00,580.00
4DCS.40HAJ12CT601,0.00,580.00
4DCS.40HAJ12CT602,0.00,580.00
4DCS.40HAJ11CP101,0.00,4.60
4DCS.40HAJ12CP101,0.00,4.60
4DCS.40LAF21AA101AI,0.00,100.00
4DCS.40LAF22AA101AI,0.00,100.00
4DCS.40LAF31CF101F,0.00,60.00
4DCS.40LAF32CF101F,0.00,60.00
4DCS.40LAF20CP101,0.00,13.00
4DCS.40HBK72AA101AVG,0.00,100.00
4DCS.40HBK73AA101AVG,0.00,100.00
4DCS.41HLA42CP101,0.00,13.00
4DCS.41HLA41CT301,0.00,60.00
4DCS.41HLA42CF101F,0.00,120.00
4DCS.41HLA42CF102F,0.00,120.00
4DCS.41HLA52CF101F,0.00,260.00
4DCS.41HLA52CF102F,0.00,260.00
4DCS.41HLA52CP101,0.00,13.00
4DCS.41HLA52CP102,0.00,13.00
4DCS.41HLA52CT301,0.00,350.00
4DCS.41HLA22CP103,0.00,13.00
4DCS.41HLA22CT309,0.00,60.00
4DCS.41HLB12AN001CE,0.00,166.00
4DCS.41HLB12AA101AI,0.00,100.00
4DCS.40HLA40CT601,0.00,350.00
4DCS.40HLA40CT602,0.00,350.00
4DCS.40HLA40CT603,0.00,350.00
4DCS.42HLA42CF101F,0.00,1000.00
4DCS.42HLA42CF102F,0.00,1000.00
4DCS.42HLA42CP101,0.00,2.00
4DCS.42HLA42CP102,0.00,2.00
4DCS.42HLA42CT601,0.00,330.00
4DCS.42HLA22CP103,0.00,4.60
4DCS.42HLA22CT309,0.00,60.00
4DCS.42HLB12AN801CE,0.00,100.00
4DCS.42HLB12AA101AI,0.00,100.00
4DCS.40HNA12CP110,-6.00,0.00
4DCS.40HNA12CT603,0.00,360.00
N4BKYYQCY,0.00,4.00
4DCS.40HNA12CP111,-6.00,0.00
4DCS.40HNA12CQ102A0,0.00,26.00
4DCS.40HNA12CT301,0.00,200.00
4DCS.40HNA12CT302,0.00,200.00
4DCS.40HNA12CT303,0.00,200.00
4DCS.40HNA12CT304,0.00,200.00
N4BDDCCCY,0.00,5.00
4DCS.40HNA52CP101,-8.00,0.00
4DCS.40HNC12AN001CE,0.00,287.00
4DCS.40HNC12AA101AI,0.00,100.00
4DCS.40HNA11CP112,-8.00,0.00
4DCS.40HNA11CT606,0.00,360.00
N4AKYYQCY,0.00,4.00
4DCS.40HNA11CP113,-6.00,0.00
4DCS.40HNA11CQ102,0.00,26.00
4DCS.40HNA11CT301,0.00,200.00
4DCS.40HNA11CT302,0.00,200.00
4DCS.40HNA11CT303,0.00,200.00
4DCS.40HNA11CT304,0.00,200.00
N4ADDCCCY,0.00,5.00
4DCS.40HNA51CP101,-8.00,0.00
4DCS.40HNC11AN001CE,0.00,287.00
4DCS.40HNC11AA101AI,0.00,100.00
4DCS.40HLA50CT601,0.00,350.00
4DCS.40HLA50CT602,0.00,350.00
4DCS.40HLA50CT603,0.00,350.00
4DCS.42HLA41CF101F,0.00,1000.00
4DCS.42HLA41CF102F,0.00,1000.00
4DCS.42HLA41CP101,0.00,2.00
4DCS.42HLA41CP102,0.00,2.00
4DCS.42HLA41CT601,0.00,330.00
4DCS.41HLA41CF101F,0.00,120.00
4DCS.41HLA41CF102F,0.00,120.00
4DCS.41HLA51CF101F,0.00,260.00
4DCS.41HLA51CF102F,0.00,260.00
4DCS.41HLA51CP101,0.00,13.00
4DCS.41HLA51CP102,0.00,13.00
4DCS.41HLA51CT301,0.00,350.00
4DCS.41HLA21CP103,0.00,13.00
4DCS.41HLA21CT309,0.00,60.00
4DCS.41HLB11AN001CE,0.00,166.00
4DCS.41HLB11AA101AI,0.00,100.00
4DCS.41HLA41CP101,0.00,13.00
4DCS.41HLA42CT301,0.00,60.00
4DCS.42HLB11AN001CE,0.00,100.00
4DCS.42HLB11AA101AI,0.00,100.00
4DCS.42HLA11CT301,-20.00,40.00
4DCS.42HLA12CT301,-20.00,40.00
4DCS.40HBK70CT101,0.00,580.00
4DCS.40HBK71CT101,0.00,580.00
4DCS.40HNA12CP103,-2.50,2.50
4DCS.40HNA12CP104,-2.50,2.50
4DCS.40HNA12CT607,0.00,1000.00
4DCS.40HNA11CP103,-2.50,2.50
4DCS.40HNA11CP104,-2.50,2.50
4DCS.40HNA11CT607,0.00,1000.00
4DCS.40HNA11CT608,0.00,800.00
4DCS.40HNA12CT608,0.00,800.00
4DCS.40HNA12CP105,-2.50,2.50
4DCS.40HNA12CP106,-2.50,2.50
4DCS.40HNA11CP105,-2.50,2.50
4DCS.40HNA11CP106,-2.50,2.50
4DCS.40HNA11CT609,0.00,650.00
4DCS.40HNA12CT609,0.00,650.00
4DCS.40HNA11CP107,-2.50,2.50
4DCS.40HNA11CP108,-2.50,2.50
4DCS.40HNA11CT601,0.00,550.00
4DCS.40HNA11CT602,0.00,550.00
4DCS.40HNA12CP107,-2.50,2.50
4DCS.40HNA12CP108,-2.50,2.50
4DCS.40HNA12CT601,0.00,450.00
4DCS.40HNA12CT602,0.00,450.00
4DCS.40HNA11CP109,-2.50,2.50
4DCS.40HNA11CP110,-2.50,2.50
4DCS.40HNA11CT604,0.00,400.00
4DCS.40HNA11CT605,0.00,400.00
4DCS.40HAD20CT601,0.00,415.00
4DCS.40HAD20CT602,0.00,415.00
4DCS.40HAD20CT603,0.00,415.00
4DCS.40HAD20CT604,0.00,415.00
4DCS.40HAD20CT605,0.00,415.00
4DCS.40HAD20CT606,0.00,415.00
4DCS.40HAD20CT607,0.00,415.00
4DCS.40HAD20CT608,0.00,415.00
4DCS.40HAD20CT609,0.00,415.00
4DCS.40HAD20CT610,0.00,415.00
4DCS.40HAD20CT611,0.00,415.00
4DCS.40HAD20CT612,0.00,415.00
4DCS.40HAD20CT613,0.00,415.00
4DCS.40HAD20CT614,0.00,415.00
4DCS.40HAD20CT615,0.00,415.00
4DCS.40HAD20CT616,0.00,415.00
4DCS.40HAD20CT617,0.00,415.00
4DCS.40HAD20CT618,0.00,415.00
4DCS.40HAD20CT619,0.00,415.00
4DCS.40HAD20CT620,0.00,415.00
4DCS.40HAD20CT621,0.00,415.00
4DCS.40HAD20CT622,0.00,415.00
4DCS.40HAD20CT623,0.00,415.00
4DCS.40HAD20CT624,0.00,415.00
4DCS.40HAD20CT625,0.00,415.00
4DCS.40HAD20CT626,0.00,415.00
4DCS.40HAD20CT627,0.00,415.00
4DCS.40HAD20CT628,0.00,415.00
4DCS.40HAD20CT629,0.00,415.00
4DCS.40HAD20CT630,0.00,415.00
4DCS.40HAD20CT631,0.00,415.00
4DCS.40HAD20CT632,0.00,415.00
4DCS.40HAD20CT633,0.00,415.00
4DCS.40HAD20CT634,0.00,415.00
4DCS.40HAD20CT635,0.00,415.00
4DCS.40HAD20CT636,0.00,415.00
4DCS.40HAD20CT637,0.00,415.00
4DCS.40HAD20CT638,0.00,415.00
4DCS.40HAD20CT639,0.00,415.00
4DCS.40HAD20CT640,0.00,415.00
4DCS.40HAD20CT641,0.00,415.00
4DCS.40HAD20CT642,0.00,415.00
4DCS.40HAD20CT643,0.00,415.00
4DCS.40HAD20CT644,0.00,415.00
4DCS.40HAD20CT645,0.00,415.00
4DCS.40HAD20CT646,0.00,415.00
4DCS.40HAD20CT647,0.00,415.00
4DCS.40HAD20CT648,0.00,415.00
4DCS.40HAD20CT649,0.00,415.00
4DCS.40HAD20CT650,0.00,415.00
4DCS.40HAD20CT651,0.00,415.00
4DCS.40HAD20CT652,0.00,415.00
4DCS.40HAD20CT653,0.00,415.00
4DCS.40HAD20CT654,0.00,415.00
4DCS.40HAD20CT655,0.00,415.00
4DCS.40HAD20CT656,0.00,415.00
4DCS.40HAD20CT657,0.00,415.00
4DCS.40HAD20CT658,0.00,415.00
4DCS.40HAD20CT659,0.00,415.00
4DCS.40HAD20CT660,0.00,415.00
4DCS.40HAD20CT661,0.00,415.00
4DCS.40HAD20CT662,0.00,415.00
4DCS.40HAD20CT663,0.00,415.00
4DCS.40HAD20CT664,0.00,415.00
4DCS.40HAD20CT665,0.00,415.00
4DCS.40HAD20CT666,0.00,415.00
4DCS.40HAD20CT667,0.00,415.00
4DCS.40HAD20CT668,0.00,415.00
4DCS.40HAD20CT669,0.00,415.00
4DCS.40HAD20CT670,0.00,415.00
4DCS.40HAD20CT671,0.00,415.00
4DCS.40HAD20CT672,0.00,415.00
4DCS.40HAD20CT673,0.00,415.00
4DCS.40HAD20CT674,0.00,415.00
4DCS.40HAD20CT675,0.00,415.00
4DCS.40HAD20CT676,0.00,415.00
4DCS.40HAD20CT677,0.00,415.00
4DCS.40HAD20CT678,0.00,415.00
4DCS.40BAOGUAN1,0.00,400.00
4DCS.40BAOGUAN2,0.00,400.00
4DCS.40BAOGUAN4,0.00,400.00
4DCS.40BAOGUAN4,0.00,400.00
4DCS.40BAOGUAN5,0.00,400.00
4DCS.40HAD40CT601,0.00,430.00
4DCS.40HAD40CT602,0.00,430.00
4DCS.40HAD40CT603,0.00,430.00
4DCS.40HAD40CT604,0.00,430.00
4DCS.40HAD40CT605,0.00,430.00
4DCS.40HAD40CT606,0.00,430.00
4DCS.40HAD40CT607,0.00,430.00
4DCS.40HAD40CT608,0.00,430.00
4DCS.40HAD40CT609,0.00,430.00
4DCS.40HAD40CT610,0.00,430.00
4DCS.40HAD40CT611,0.00,430.00
4DCS.40HAD40CT612,0.00,430.00
4DCS.40HAD40CT613,0.00,430.00
4DCS.40HAD40CT614,0.00,430.00
4DCS.40HAD40CT615,0.00,430.00
4DCS.40HAD40CT616,0.00,430.00
4DCS.40HAD40CT617,0.00,430.00
4DCS.40HAD40CT618,0.00,430.00
4DCS.40HAD40CT619,0.00,430.00
4DCS.40HAD40CT620,0.00,430.00
4DCS.40HAD40CT621,0.00,430.00
4DCS.40HAD40CT622,0.00,430.00
4DCS.40HAD40CT623,0.00,430.00
4DCS.40HAD40CT624,0.00,430.00
4DCS.40HAD40CT625,0.00,430.00
4DCS.40HAD40CT626,0.00,430.00
4DCS.40HAD40CT627,0.00,430.00
4DCS.40HAD40CT628,0.00,430.00
4DCS.40HAD40CT629,0.00,430.00
4DCS.40HAD40CT630,0.00,430.00
4DCS.40HAD40CT631,0.00,430.00
4DCS.40HAD40CT632,0.00,430.00
4DCS.40HAD40CT633,0.00,430.00
4DCS.40HAD40CT634,0.00,430.00
4DCS.40HAD40CT635,0.00,430.00
4DCS.40HAD40CT636,0.00,430.00
4DCS.40HAD40CT637,0.00,430.00
4DCS.40HAD40CT638,0.00,430.00
4DCS.40HAD40CT639,0.00,430.00
4DCS.40HAD40CT640,0.00,430.00
4DCS.40HAD40CT641,0.00,430.00
4DCS.40HAD40CT642,0.00,430.00
4DCS.40HAD40CT643,0.00,430.00
4DCS.40HAD40CT644,0.00,430.00
4DCS.40HAD40CT645,0.00,430.00
4DCS.40HAD40CT646,0.00,430.00
4DCS.40HAD40CT647,0.00,430.00
4DCS.40HAD40CT648,0.00,430.00
4DCS.40HAD40CT649,0.00,430.00
4DCS.40HAD40CT650,0.00,430.00
4DCS.40HAD40CT651,0.00,430.00
4DCS.40HAD40CT652,0.00,430.00
4DCS.40HAD40CT653,0.00,430.00
4DCS.40HAD40CT654,0.00,430.00
4DCS.40HAD40CT655,0.00,430.00
4DCS.40HAD40CT656,0.00,430.00
4DCS.40HAD40CT657,0.00,430.00
4DCS.40HAD40CT658,0.00,430.00
4DCS.40HAD40CT659,0.00,430.00
4DCS.40HAD40CT660,0.00,430.00
4DCS.40HAD40CT661,0.00,430.00
4DCS.40HAD40CT662,0.00,430.00
4DCS.40HAD40CT663,0.00,430.00
4DCS.40HAD40CT664,0.00,430.00
4DCS.40HAD40CT665,0.00,430.00
4DCS.40HAD40CT666,0.00,430.00
4DCS.40HAD40CT667,0.00,430.00
4DCS.40HAD40CT668,0.00,430.00
4DCS.40HAD40CT669,0.00,430.00
4DCS.40HAD40CT670,0.00,430.00
4DCS.40HAD40CT671,0.00,430.00
4DCS.40HAD40CT672,0.00,430.00
4DCS.40HAD40CT673,0.00,430.00
4DCS.40HAD40CT674,0.00,430.00
4DCS.40HAD40CT675,0.00,430.00
4DCS.40HAD40CT676,0.00,430.00
4DCS.40HAD40CT677,0.00,430.00
4DCS.40HAD40CT678,0.00,430.00
4DCS.40HAD40CT679,0.00,430.00
4DCS.40HAD40CT680,0.00,430.00
4DCS.40HAD40CT681,0.00,430.00
4DCS.40HAD40CT682,0.00,430.00
4DCS.40HAD40CT683,0.00,430.00
4DCS.40HAD40CT684,0.00,430.00
4DCS.40HAD40CT685,0.00,430.00
4DCS.40HAD40CT686,0.00,430.00
4DCS.40HAD40CT687,0.00,430.00
4DCS.40HAH23CT601,0.00,550.00
4DCS.40HAH23CT602,0.00,550.00
4DCS.40HAH23CT603,0.00,550.00
4DCS.40HAH23CT604,0.00,550.00
4DCS.40HAH23CT605,0.00,550.00
4DCS.40HAH23CT606,0.00,550.00
4DCS.40HAH23CT607,0.00,550.00
4DCS.40HAH23CT608,0.00,550.00
4DCS.40HAH23CT609,0.00,550.00
4DCS.40HAH23CT610,0.00,550.00
4DCS.40HAH23CT611,0.00,550.00
4DCS.40HAH23CT612,0.00,550.00
4DCS.40HAH23CT613,0.00,550.00
4DCS.40HAH23CT614,0.00,550.00
4DCS.40HAH23CT615,0.00,550.00
4DCS.40HAH23CT616,0.00,550.00
4DCS.40HAH23CT617,0.00,550.00
4DCS.40HAH23CT618,0.00,550.00
4DCS.40HAH23CT619,0.00,550.00
4DCS.40HAH23CT620,0.00,550.00
4DCS.40HAH23CT621,0.00,550.00
4DCS.40HAH23CT622,0.00,550.00
4DCS.40HAH23CT623,0.00,550.00
4DCS.40HAH23CT624,0.00,550.00
4DCS.40HAH23CT625,0.00,550.00
4DCS.40HAH23CT626,0.00,550.00
4DCS.40HAH23CT627,0.00,550.00
4DCS.40HAH23CT628,0.00,550.00
4DCS.40HAH23CT629,0.00,550.00
4DCS.40HAH23CT630,0.00,550.00
4DCS.40HAH24CT601,0.00,580.00
4DCS.40HAH24CT602,0.00,580.00
4DCS.40HAH24CT603,0.00,580.00
4DCS.40HAH24CT604,0.00,580.00
4DCS.40HAH24CT605,0.00,580.00
4DCS.40HAH24CT606,0.00,580.00
4DCS.40HAH24CT607,0.00,580.00
4DCS.40HAH24CT608,0.00,580.00
4DCS.40HAH24CT609,0.00,580.00
4DCS.40HAH24CT610,0.00,580.00
4DCS.40HAH24CT611,0.00,580.00
4DCS.40HAH24CT612,0.00,580.00
4DCS.40HAH24CT613,0.00,580.00
4DCS.40HAH24CT614,0.00,580.00
4DCS.40HAH24CT615,0.00,580.00
4DCS.40HAH24CT616,0.00,580.00
4DCS.40HAH24CT617,0.00,580.00
4DCS.40HAH24CT618,0.00,580.00
4DCS.40HAH24CT619,0.00,580.00
4DCS.40HAH24CT620,0.00,580.00
4DCS.40HAH24CT621,0.00,580.00
4DCS.40HAH24CT622,0.00,580.00
4DCS.40HAH24CT623,0.00,580.00
4DCS.40HAH24CT624,0.00,580.00
4DCS.40HAH24CT625,0.00,580.00
4DCS.40HAH24CT626,0.00,580.00
4DCS.40HAH24CT627,0.00,580.00
4DCS.40HAH24CT628,0.00,580.00
4DCS.40HAH24CT629,0.00,580.00
4DCS.40HAH24CT630,0.00,580.00
4DCS.40HAJ10CT601,0.00,615.00
4DCS.40HAJ10CT602,0.00,615.00
4DCS.40HAJ10CT603,0.00,615.00
4DCS.40HAJ10CT604,0.00,615.00
4DCS.40HAJ10CT605,0.00,615.00
4DCS.40HAJ10CT606,0.00,615.00
4DCS.40HAJ10CT607,0.00,615.00
4DCS.40HAJ10CT608,0.00,615.00
4DCS.40HAJ10CT609,0.00,615.00
4DCS.40HAJ10CT610,0.00,615.00
4DCS.40HAJ10CT611,0.00,615.00
4DCS.40HAJ10CT612,0.00,615.00
4DCS.40HAJ10CT613,0.00,615.00
4DCS.40HAJ10CT614,0.00,615.00
4DCS.40HAJ10CT615,0.00,615.00
4DCS.40HAJ10CT616,0.00,615.00
4DCS.40HAJ10CT617,0.00,615.00
4DCS.40HAJ10CT618,0.00,615.00
4DCS.40HAJ10CT619,0.00,615.00
4DCS.40HAJ10CT620,0.00,615.00
4DCS.40HAJ10CT621,0.00,615.00
N4BC_LOS_Q2,0.00,8.00
N4BC_LOS_Q4,0.00,2.00
N4BC_LOS_Q5,0.00,3.50
N4BC_LOS_Q6,0.00,1.00
N4BC_AE_AHA,0.00,11.00
N4BC_AE_AHB,0.00,11.00
N4BC_AE_AIRHEATER,0.00,11.00
N4BC_EFF_AHYA,0.00,100.00
N4BC_EFF_AHYB,0.00,100.00
N4BC_T_LD,0.00,85.00
N4BC_RATEW_FDFAN,0.00,10.00
N4BC_RATEW_IDFAN,0.00,10.00
N4BC_RATEW_PRIFAN,0.00,25.00
N4BC_RATEW_MILL,0.00,10.00
N4BC_RATEW_MILLA,0.00,10.00
N4BC_RATEW_MILLB,0.00,10.00
N4BC_RATEW_MILLC,0.00,10.00
N4BC_RATEW_MILLD,0.00,10.00
N4BC_RATEW_MILLE,0.00,10.00
N4BC_RATEW_MILLF,0.00,10.00
N4BC_RATEW_PULVER,0.00,10.00
N4BC_RW_FDFAN,0.00,1.50
N4BC_RW_IDFAN,0.00,6.00
N4BC_RW_PRIFAN,0.00,2.50
N4BC_RW_MILL,0.00,1.80
N4BC_RW_PULVER,0.00,3.00
GR.40NAA10GRDI,0.00,1.00
4DCS.40NAA10CT602,0.00,400.00
4DCS.40NAA10CT603,0.00,400.00
4DCS.40NAA10CP102,0.00,1.50
4DCS.40NAA10CP103,0.00,1.50
4DCS.40NAA10CP104,0.00,1.50
4DCS.40MAG10CP901,0.00,65.00
4DCS.42HLA21CT309,0.00,60.00
4DCS.42HLA21CP103,0.00,4.60